word,replacement,comment
aboout,about,"typo, manually verified fix"
abouit,about,"typo, manually verified fix"
aggresive,aggressive,"typo, manually verified fix"
agressive,aggressive,"typo, manually verified fix"
alwaays,always,"typo, manually verified fix"
annalitical,analytical,"typo, manually verified fix"
attened,attended,"typo, manually verified fix"
avacado,avocado,"typo, manually verified fix"
bespecaled,bespectacled,"typo, manually verified fix"
braunsweiger,braunschweiger,"typo, manually verified fix"
brillant,brilliant,"typo, manually verified fix"
buisness,business,"typo, manually verified fix"
cannibis,cannabis,"typo, manually verified fix"
clumsey,clumsy,"typo, manually verified fix"
compasionate,compassionate,"typo, manually verified fix"
concious,conscious,"typo, manually verified fix"
cuel,cruel,"typo, manually verified fix"
curropt,corrupt,"typo, manually verified fix"
curteous,courteous,"typo, manually verified fix"
deliquent,delinquent,"typo, manually verified fix"
didnt,didn't,"typo, manually verified fix"
disingenuine,disingenuous,"typo, manually verified fix"
doesnt,doesn't,"typo, manually verified fix"
dont,don't,"typo, manually verified fix"
embarrased,embarrassed,"typo, manually verified fix"
esls,else,"typo, manually verified fix"
eventempered,even-tempered,"typo, manually verified fix"
exboyfriend,ex-boyfriend,"typo, manually verified fix"
extremelyrich,extremely rich,"typo, manually verified fix"
fooseball,foosball,"typo, manually verified fix"
forebearance,forbearance,"typo, manually verified fix"
freetime,free time,"typo, manually verified fix"
gentlement,gentlemen,"typo, manually verified fix"
goverment,government,"typo, manually verified fix"
hankerchief,handkerchief,"typo, manually verified fix"
igorant,ignorant,"typo, manually verified fix"
inher,in her,"typo, manually verified fix"
innnocent,innocent,"typo, manually verified fix"
intellegant,intelligent,"typo, manually verified fix"
interraction,interaction,"typo, manually verified fix"
intructors,instructors,"typo, manually verified fix"
knowledgable,knowledgeable,"typo, manually verified fix"
laidback,laid-back,"typo, manually verified fix"
limitiations,limitations,"typo, manually verified fix"
longerhair,longer hair,"typo, manually verified fix"
maxium,maximum,"typo, manually verified fix"
meak,meek,"typo, manually verified fix"
mischevious,mischievous,"typo, manually verified fix"
obediant,obedient,"typo, manually verified fix"
openminded,open-minded,"typo, manually verified fix"
perserverent,perseverant,"typo, manually verified fix"
pety,petty,"typo, manually verified fix"
popscicle,popsicle,"typo, manually verified fix"
preferes,prefers,"typo, manually verified fix"
proably,probably,"typo, manually verified fix"
probloms,problems,"typo, manually verified fix"
procastinator,procrastinator,"typo, manually verified fix"
sargeant,sergeant,"typo, manually verified fix"
sedementary,sedentary,"typo, manually verified fix"
selfcentered,self-centered,"typo, manually verified fix"
severything,everything,"typo, manually verified fix"
shinnig,shining,"typo, manually verified fix"
shouldnt,shouldn't,"typo, manually verified fix"
spagetti,spaghetti,"typo, manually verified fix"
sronger,stronger,"typo, manually verified fix"
stoudious,studious,"typo, manually verified fix"
talanted,talented,"typo, manually verified fix"
theis,this,"typo, manually verified fix"
tonedeaf,tone-deaf,"typo, manually verified fix"
transluscent,translucent,"typo, manually verified fix"
tshirt,t-shirt,"typo, manually verified fix"
tshirts,t-shirts,"typo, manually verified fix"
unattentive,inattentive,"typo, manually verified fix"
uncertanties,uncertainties,"typo, manually verified fix"
ussually,usually,"typo, manually verified fix"
validictorian,valedictorian,"typo, manually verified fix"
vert,very,"typo, manually verified fix"
villian,villain,"typo, manually verified fix"
wellbehaved,well-behaved,"typo, manually verified fix"
wellread,well-read,"typo, manually verified fix"
whon,who,"typo, manually verified fix"
wosh,wish,"typo, manually verified fix"
zuchini,zucchini,"typo, manually verified fix"
aluminium,,valid word missing from the dictionary
appliques,,valid word missing from the dictionary
behaviour,,valid word missing from the dictionary
bitcoins,,valid word missing from the dictionary
bowtie,,valid word missing from the dictionary
butthole,,valid word missing from the dictionary
cancelled,,valid word missing from the dictionary
centre,,valid word missing from the dictionary
cliches,,valid word missing from the dictionary
colour,,valid word missing from the dictionary
colours,,valid word missing from the dictionary
defence,,valid word missing from the dictionary
dogfighting,,valid word missing from the dictionary
douchebag,,valid word missing from the dictionary
endzone,,valid word missing from the dictionary
favourite,,valid word missing from the dictionary
fentanyl,,valid word missing from the dictionary
frappe,,valid word missing from the dictionary
gameplay,,valid word missing from the dictionary
greenlit,,valid word missing from the dictionary
gung,,valid word missing from the dictionary
hijinx,,valid word missing from the dictionary
humour,,valid word missing from the dictionary
jewellery,,valid word missing from the dictionary
kickboxer,,valid word missing from the dictionary
kung,,valid word missing from the dictionary
labour,,valid word missing from the dictionary
laude,,valid word missing from the dictionary
licence,,valid word missing from the dictionary
mannerable,,valid word missing from the dictionary
mansplaining,,valid word missing from the dictionary
maths,,valid word missing from the dictionary
meds,,valid word missing from the dictionary
megalomaniacal,,valid word missing from the dictionary
moustache,,valid word missing from the dictionary
multi,,valid word missing from the dictionary
naggy,,valid word missing from the dictionary
nasa,,valid word missing from the dictionary
neighbours,,valid word missing from the dictionary
offence,,valid word missing from the dictionary
organise,,valid word missing from the dictionary
paneer,,valid word missing from the dictionary
phonebook,,valid word missing from the dictionary
pinecone,,valid word missing from the dictionary
popsicles,,valid word missing from the dictionary
postdoctorals,,valid word missing from the dictionary
practise,,valid word missing from the dictionary
pyjamas,,valid word missing from the dictionary
racecar,,valid word missing from the dictionary
realise,,valid word missing from the dictionary
refamiliarized,,valid word missing from the dictionary
refried,,valid word missing from the dictionary
rockstar,,valid word missing from the dictionary
rubberband,,valid word missing from the dictionary
rumour,,valid word missing from the dictionary
safelite,,valid word missing from the dictionary
situ,,valid word missing from the dictionary
sleestack,,valid word missing from the dictionary
smartphone,,valid word missing from the dictionary
smartwatch,,valid word missing from the dictionary
smushed,,valid word missing from the dictionary
snarky,,valid word missing from the dictionary
starwars,,valid word missing from the dictionary
stoners,,valid word missing from the dictionary
strategizing,,valid word missing from the dictionary
tasker,,valid word missing from the dictionary
tator,,valid word missing from the dictionary
tech,,valid word missing from the dictionary
theatre,,valid word missing from the dictionary
trans,,valid word missing from the dictionary
travelling,,valid word missing from the dictionary
uber,,valid word missing from the dictionary
underqualified,,valid word missing from the dictionary
vespa,,valid word missing from the dictionary
videogame,,valid word missing from the dictionary
wackjobs,,valid word missing from the dictionary
walkie,,valid word missing from the dictionary
yardwork,,valid word missing from the dictionary
airheaded,,valid word missing from the dictionary
coldhearted,,valid word missing from the dictionary
