№,target_id,Слово (EN),Переклад UA,domain_id,domain_ua,cluster_id,cluster_ua,stereoset_domain,Джерело,Спліт,Include,slur_forms,Коментар
1,gen_boy,boy,хлопець,gender,гендер,,,gender,Оригінал,test,+,,
2,gen_boyfriend,boyfriend,бойфренд/хлопець,gender,гендер,,,gender,Оригінал,test,+,,
3,gen_bride,bride,наречена,gender,гендер,,,gender,Оригінал,test,+,,
4,gen_brother,brother,брат,gender,гендер,,,gender,Оригінал,test,+,,
5,gen_daddy,daddy,тато/татусь,gender,гендер,,,gender,Оригінал,test,+,,
6,gen_daughter,daughter,донька,gender,гендер,,,gender,Оригінал,test,+,,
7,gen_father,father,батько,gender,гендер,,,gender,Оригінал,test,+,,
8,gen_female,female,жінка/жіночої статі,gender,гендер,,,gender,Оригінал,test,+,,
9,gen_gentleman,gentleman,джентльмен/пан,gender,гендер,,,gender,Оригінал,test,+,,singular of dev-split 'gentlemen'
10,gen_gentlemen,gentlemen,джентльмени/панове,gender,гендер,,,gender,Оригінал,dev,+,,
11,gen_girl,girl,дівчинка/дівчина,gender,гендер,,,gender,Оригінал,test,+,,
12,gen_girlfriend,girlfriend,дівчина/партнерка,gender,гендер,,,gender,Оригінал,test,+,,
13,gen_grandfather,grandfather,дідусь,gender,гендер,,,gender,Оригінал,dev,+,,
14,gen_grandmother,grandmother,бабуся,gender,гендер,,,gender,Оригінал,test,+,,
15,gen_groom,groom,наречений,gender,гендер,,,gender,Оригінал,test,+,,
16,gen_he,he,він,gender,гендер,,,gender,Оригінал,test,+,,
17,gen_her,her,її/їй,gender,гендер,,,gender,Оригінал,test,+,,
18,gen_hers,hers,її,gender,гендер,,,gender,Оригінал,test,+,,
19,gen_herself,herself,вона сама/себе,gender,гендер,,,gender,Оригінал,dev,+,,
20,gen_him,him,його/йому,gender,гендер,,,gender,Оригінал,test,+,,
21,gen_himself,himself,він сам/себе,gender,гендер,,,gender,Оригінал,dev,+,,
22,gen_his,his,його,gender,гендер,,,gender,Оригінал,test,+,,
23,gen_husband,husband,чоловік (у шлюбі),gender,гендер,,,gender,Оригінал,test,+,,
24,gen_ladies,ladies,пані/жінки,gender,гендер,,,gender,Оригінал,test,+,,
25,gen_lady,lady,пані/леді,gender,гендер,,,gender,Оригінал,test,+,,
26,gen_maam,ma'am,пані,gender,гендер,,,gender,Оригінал,test,+,,
27,gen_male,male,чоловік/чоловічої статі,gender,гендер,,,gender,Оригінал,dev,+,,
28,gen_man,man,чоловік,gender,гендер,,,gender,Оригінал,test,+,,
29,gen_mommy,mommy,мама/матуся,gender,гендер,,,gender,Оригінал,dev,+,,
30,gen_mother,mother,мати/мама,gender,гендер,,,gender,Оригінал,dev,+,,
31,gen_schoolboy,schoolboy,школяр,gender,гендер,,,gender,Оригінал,dev,+,,
32,gen_schoolgirl,schoolgirl,школярка,gender,гендер,,,gender,Оригінал,dev,+,,
33,gen_she,she,вона,gender,гендер,,,gender,Оригінал,test,+,,
34,gen_sir,sir,пан/сер,gender,гендер,,,gender,Оригінал,test,+,,
35,gen_sister,sister,сестра,gender,гендер,,,gender,Оригінал,dev,+,,
36,gen_son,son,син,gender,гендер,,,gender,Оригінал,test,+,,
37,gen_stepfather,stepfather,вітчим,gender,гендер,,,gender,Оригінал,test,+,,
38,gen_stepmother,stepmother,мачуха,gender,гендер,,,gender,Оригінал,test,+,,
39,gen_wife,wife,дружина,gender,гендер,,,gender,Оригінал,test,+,,
40,gen_woman,woman,жінка,gender,гендер,,,gender,Оригінал,test,+,,
41,occ_prestige_stem_academic,academic,науковець/академік,occupation,професія,prestige_stem,офісні професії,profession,Оригінал,test,+,,
42,occ_prestige_stem_accountant,accountant,бухгалтер,occupation,професія,prestige_stem,офісні професії,profession,Оригінал,test,+,,
43,occ_arts_media_actor,actor,актор,occupation,професія,arts_media,мистецтво і медіа,profession,Оригінал,test,+,,
44,occ_prestige_stem_analyst,analyst,аналітик,occupation,професія,prestige_stem,офісні професії,profession,Оригінал,test,+,,
45,occ_prestige_stem_architect,architect,архітектор,occupation,професія,prestige_stem,офісні професії,profession,Оригінал,test,+,,
46,occ_security_force_army,army,армія,occupation,професія,security_force,силові й безпекові,profession,Оригінал,test,+,,не професія (глянути кластер)
47,occ_arts_media_artist,artist,художник/митець,occupation,професія,arts_media,мистецтво і медіа,profession,Оригінал,test,+,,
48,occ_care_service_assistant,assistant,асистент/помічник,occupation,професія,care_service,догляд і сервіс,profession,Оригінал,dev,+,,
49,occ_sports_athlete,athlete,спортсмен,occupation,професія,sports,спорт,profession,Оригінал,test,+,,
50,occ_care_service_attendant,attendant,працівник обслуговування,occupation,професія,care_service,догляд і сервіс,profession,Оригінал,test,+,,
51,occ_prestige_stem_attourney,attourney,адвокат,occupation,професія,prestige_stem,офісні професії,profession,Оригінал,test,+,,typo (attorney)
52,occ_prestige_stem_auditor,auditor,аудитор,occupation,професія,prestige_stem,офісні професії,profession,Оригінал,test,+,,
53,occ_arts_media_author,author,автор,occupation,професія,arts_media,мистецтво і медіа,profession,Оригінал,test,+,,
54,occ_care_service_baker,baker,пекар,occupation,професія,care_service,догляд і сервіс,profession,Оригінал,test,+,,
55,occ_prestige_stem_banker,banker,банкір,occupation,професія,prestige_stem,офісні професії,profession,Оригінал,test,+,,
56,occ_care_service_barber,barber,перукар (чол.),occupation,професія,care_service,догляд і сервіс,profession,Оригінал,test,+,,
57,occ_care_service_bartender,bartender,бармен,occupation,професія,care_service,догляд і сервіс,profession,Оригінал,dev,+,,
58,occ_sports_boxer,boxer,боксер,occupation,професія,sports,спорт,profession,Оригінал,test,+,,
59,occ_prestige_stem_broker,broker,брокер,occupation,професія,prestige_stem,офісні професії,profession,Оригінал,test,+,,
60,occ_prestige_stem_businessperson,businessperson,бізнесмен/підприємець,occupation,професія,prestige_stem,офісні професії,profession,Оригінал,test,+,,
61,occ_manual_butcher,butcher,м'ясник,occupation,професія,manual,фізична праця,profession,Оригінал,dev,+,,
62,occ_manual_carpenter,carpenter,тесляр,occupation,професія,manual,фізична праця,profession,Оригінал,test,+,,
63,occ_care_service_cashier,cashier,касир,occupation,професія,care_service,догляд і сервіс,profession,Оригінал,test,+,,
64,occ_prestige_stem_ceo,CEO,генеральний директор,occupation,професія,prestige_stem,офісні професії,profession,Оригінал,test,+,,
65,occ_care_service_chef,chef,шеф-кухар,occupation,професія,care_service,догляд і сервіс,profession,Оригінал,test,+,,
66,occ_prestige_stem_chemist,chemist,хімік,occupation,професія,prestige_stem,офісні професії,profession,Оригінал,dev,+,,
67,occ_sports_chess_player,chess player,шахіст,occupation,професія,sports,спорт,profession,Оригінал,dev,+,,
68,occ_prestige_stem_chief,chief,начальник/керівник,occupation,професія,prestige_stem,офісні професії,profession,Оригінал,test,+,,
69,occ_prestige_stem_civil_servant,civil servant,державний службовець,occupation,професія,prestige_stem,офісні професії,profession,Оригінал,dev,+,,
70,occ_care_service_cleaner,cleaner,прибиральник,occupation,професія,care_service,догляд і сервіс,profession,Оригінал,test,+,,
71,occ_care_service_clerk,clerk,клерк/службовець,occupation,професія,care_service,догляд і сервіс,profession,Оригінал,test,+,,
72,occ_sports_coach,coach,тренер,occupation,професія,sports,спорт,profession,Оригінал,test,+,,
73,occ_arts_media_comedian,comedian,комік,occupation,професія,arts_media,мистецтво і медіа,profession,Оригінал,test,+,,
74,occ_security_force_commander,commander,командир,occupation,професія,security_force,силові й безпекові,profession,Оригінал,dev,+,,"те саме, що з армією"
75,occ_arts_media_composer,composer,композитор,occupation,професія,arts_media,мистецтво і медіа,profession,Оригінал,test,+,,
76,occ_manual_construction_worker,construction worker,будівельник,occupation,професія,manual,фізична праця,profession,Оригінал,test,+,,
77,occ_care_service_cook,cook,кухар,occupation,професія,care_service,догляд і сервіс,profession,Оригінал,test,+,,
78,occ_care_service_counselor,counselor,радник/консультант,occupation,професія,care_service,догляд і сервіс,profession,Оригінал,test,+,,
79,occ_arts_media_dancer,dancer,танцюрист,occupation,професія,arts_media,мистецтво і медіа,profession,Оригінал,test,+,,
80,occ_manual_delivery_man,delivery man,кур'єр/доставник,occupation,професія,manual,фізична праця,profession,Оригінал,dev,+,,
81,occ_prestige_stem_dentist,dentist,стоматолог,occupation,професія,prestige_stem,офісні професії,profession,Оригінал,test,+,,
82,occ_arts_media_designer,designer,дизайнер,occupation,професія,arts_media,мистецтво і медіа,profession,Оригінал,test,+,,
83,occ_security_force_detective,detective,детектив,occupation,професія,security_force,силові й безпекові,profession,Оригінал,test,+,,
84,occ_prestige_stem_diplomat,diplomat,дипломат,occupation,професія,prestige_stem,офісні професії,profession,Оригінал,test,+,,
85,occ_prestige_stem_director,director,директор,occupation,професія,prestige_stem,офісні професії,profession,Оригінал,test,+,,
86,occ_prestige_stem_doctor,doctor,лікар,occupation,професія,prestige_stem,офісні професії,profession,Оригінал,test,+,,
87,occ_drawer,drawer,рисувальник (?),occupation,професія,,,profession,Оригінал,test,-,,незрозуміло: рисувальник?
88,occ_prestige_stem_economist,economist,економіст,occupation,професія,prestige_stem,офісні професії,profession,Оригінал,test,+,,
89,occ_arts_media_editor,editor,редактор,occupation,професія,arts_media,мистецтво і медіа,profession,Оригінал,test,+,,
90,occ_manual_electrician,electrician,електрик,occupation,професія,manual,фізична праця,profession,Оригінал,test,+,,
91,occ_prestige_stem_engineer,engineer,інженер,occupation,професія,prestige_stem,офісні професії,profession,Оригінал,dev,+,,
92,occ_prestige_stem_entrepreneur,entrepreneur,підприємець,occupation,професія,prestige_stem,офісні професії,profession,Оригінал,dev,+,,
93,occ_manual_farmer,farmer,фермер,occupation,професія,manual,фізична праця,profession,Оригінал,test,+,,
94,occ_security_force_firefighter,firefighter,пожежник,occupation,професія,security_force,силові й безпекові,profession,Оригінал,test,+,,
95,occ_sports_football_player,football player,футболіст,occupation,професія,sports,спорт,profession,Оригінал,dev,+,,"US football != футболіст, review sentences carefully"
96,occ_security_force_guard,guard,охоронець,occupation,професія,security_force,силові й безпекові,profession,Оригінал,test,+,,
97,occ_arts_media_guitarist,guitarist,гітарист,occupation,професія,arts_media,мистецтво і медіа,profession,Оригінал,dev,+,,
98,occ_care_service_hairdresser,hairdresser,перукар,occupation,професія,care_service,догляд і сервіс,profession,Оригінал,test,+,,
99,occ_sports_handball_player,handball player,гандболіст,occupation,професія,sports,спорт,profession,Оригінал,test,+,,
100,occ_manual_handyman,handyman,майстер на всі руки,occupation,професія,manual,фізична праця,profession,Оригінал,test,+,,
101,occ_prestige_stem_historian,historian,історик,occupation,професія,prestige_stem,офісні професії,profession,Оригінал,dev,+,,
102,occ_care_service_housekeeper,housekeeper,економка/хатня робітниця,occupation,професія,care_service,догляд і сервіс,profession,Оригінал,test,+,,чи є таке саме слово українською
103,occ_arts_media_illustrator,illustrator,ілюстратор,occupation,професія,arts_media,мистецтво і медіа,profession,Оригінал,test,+,,
104,occ_care_service_janitor,janitor,двірник/прибиральник,occupation,професія,care_service,догляд і сервіс,profession,Оригінал,test,+,,
105,occ_arts_media_journalist,journalist,журналіст,occupation,професія,arts_media,мистецтво і медіа,profession,Оригінал,test,+,,
106,occ_prestige_stem_judge,judge,суддя,occupation,професія,prestige_stem,офісні професії,profession,Оригінал,test,+,,
107,occ_manual_laborer,laborer,різноробочий,occupation,професія,manual,фізична праця,profession,Оригінал,test,+,,
108,occ_prestige_stem_lawyer,lawyer,юрист/адвокат,occupation,професія,prestige_stem,офісні професії,profession,Оригінал,test,+,,
109,occ_care_service_librarian,librarian,бібліотекар,occupation,професія,care_service,догляд і сервіс,profession,Оригінал,test,+,,
110,occ_prestige_stem_linguist,linguist,лінгвіст,occupation,професія,prestige_stem,офісні професії,profession,Оригінал,test,+,,
111,occ_care_service_maid,maid,покоївка,occupation,професія,care_service,догляд і сервіс,profession,Оригінал,test,+,,
112,occ_prestige_stem_manager,manager,менеджер/керівник,occupation,професія,prestige_stem,офісні професії,profession,Оригінал,dev,+,,
113,occ_prestige_stem_mathematician,mathematician,математик,occupation,професія,prestige_stem,офісні професії,profession,Оригінал,dev,+,,
114,occ_manual_mechanic,mechanic,механік,occupation,професія,manual,фізична праця,profession,Оригінал,test,+,,
115,occ_care_service_midwife,midwife,акушерка,occupation,професія,care_service,догляд і сервіс,profession,Оригінал,test,+,,
116,occ_arts_media_model,model,модель,occupation,професія,arts_media,мистецтво і медіа,profession,Оригінал,test,+,,
117,occ_manual_mover,mover,вантажник (переїзд),occupation,професія,manual,фізична праця,profession,Оригінал,dev,-,,"US-specific occupation framing, dropped"
118,occ_arts_media_musician,musician,музикант,occupation,професія,arts_media,мистецтво і медіа,profession,Оригінал,dev,+,,"was excluded accidentally, restored"
119,occ_care_service_nurse,nurse,медсестра/медбрат,occupation,професія,care_service,догляд і сервіс,profession,Оригінал,dev,+,,"няня чи медсестра, різні речі"
120,occ_arts_media_opera_singer,opera singer,оперний співак,occupation,професія,arts_media,мистецтво і медіа,profession,Оригінал,test,+,,
121,occ_arts_media_painter,painter,маляр/художник,occupation,професія,arts_media,мистецтво і медіа,profession,Оригінал,test,+,,
122,occ_pensioner,pensioner,пенсіонер,occupation,професія,,,profession,Оригінал,test,+,,не професія
123,occ_arts_media_performing_artist,performing artist,артист (сцени),occupation,професія,arts_media,мистецтво і медіа,profession,Оригінал,dev,-,,?
124,occ_care_service_pharmacist,pharmacist,фармацевт/аптекар,occupation,професія,care_service,догляд і сервіс,profession,Оригінал,test,+,,
125,occ_arts_media_photographer,photographer,фотограф,occupation,професія,arts_media,мистецтво і медіа,profession,Оригінал,test,+,,
126,occ_prestige_stem_physician,physician,лікар (терапевт),occupation,професія,prestige_stem,офісні професії,profession,Оригінал,test,+,,
127,occ_prestige_stem_physicist,physicist,фізик,occupation,професія,prestige_stem,офісні професії,profession,Оригінал,dev,+,,
128,occ_arts_media_pianist,pianist,піаніст,occupation,професія,arts_media,мистецтво і медіа,profession,Оригінал,test,+,,
129,occ_prestige_stem_pilot,pilot,пілот,occupation,професія,prestige_stem,офісні професії,profession,Оригінал,test,+,,
130,occ_manual_plumber,plumber,сантехнік,occupation,професія,manual,фізична праця,profession,Оригінал,dev,+,,
131,occ_arts_media_poet,poet,поет,occupation,професія,arts_media,мистецтво і медіа,profession,Оригінал,test,+,,
132,occ_security_force_policeman,policeman,поліцейський,occupation,професія,security_force,силові й безпекові,profession,Оригінал,dev,+,,
133,occ_prestige_stem_politician,politician,політик,occupation,професія,prestige_stem,офісні професії,profession,Оригінал,dev,+,,
134,occ_priest,priest,священник,occupation,професія,,,profession,Оригінал,test,+,,перетин з religion
135,occ_prisoner,prisoner,в'язень,occupation,професія,,,profession,Оригінал,dev,-,,"not a profession, dropped"
136,occ_arts_media_producer,producer,продюсер,occupation,професія,arts_media,мистецтво і медіа,profession,Оригінал,dev,+,,
137,occ_prestige_stem_professor,professor,професор,occupation,професія,prestige_stem,офісні професії,profession,Оригінал,test,+,,
138,occ_prestige_stem_prosecutor,prosecutor,прокурор,occupation,професія,prestige_stem,офісні професії,profession,Оригінал,dev,+,,
139,occ_prestige_stem_psychologist,psychologist,психолог,occupation,професія,prestige_stem,офісні професії,profession,Оригінал,dev,+,,
140,occ_prestige_stem_real_estate_developer,real-estate developer,забудовник/девелопер,occupation,професія,prestige_stem,офісні професії,profession,Оригінал,test,+,,?
141,occ_care_service_realtor,realtor,рієлтор,occupation,професія,care_service,догляд і сервіс,profession,Оригінал,test,+,,
142,occ_care_service_receptionist,receptionist,адміністратор/ресепшн,occupation,професія,care_service,догляд і сервіс,profession,Оригінал,test,+,,
143,occ_prestige_stem_researcher,researcher,дослідник,occupation,професія,prestige_stem,офісні професії,profession,Оригінал,dev,+,,
144,occ_care_service_salesperson,salesperson,продавець/менеджер з продажу,occupation,професія,care_service,догляд і сервіс,profession,Оригінал,test,+,,сейлз чи продавець?
145,occ_prestige_stem_scientist,scientist,науковець,occupation,професія,prestige_stem,офісні професії,profession,Оригінал,test,+,,
146,occ_care_service_secretary,secretary,секретар,occupation,професія,care_service,догляд і сервіс,profession,Оригінал,test,+,,
147,occ_security_force_sheriff,sheriff,шериф,occupation,професія,security_force,силові й безпекові,profession,Оригінал,test,+,,
148,occ_arts_media_singer,singer,співак,occupation,професія,arts_media,мистецтво і медіа,profession,Оригінал,test,+,,
149,occ_prestige_stem_sociologist,sociologist,соціолог,occupation,професія,prestige_stem,офісні професії,profession,Оригінал,test,+,,
150,occ_prestige_stem_software_developer,software developer,розробник ПЗ/програміст,occupation,професія,prestige_stem,офісні професії,profession,Оригінал,dev,+,,
151,occ_security_force_soldier,soldier,солдат/військовий,occupation,професія,security_force,силові й безпекові,profession,Оригінал,test,+,,
152,occ_prestige_stem_supervisor,supervisor,керівник/наглядач,occupation,професія,prestige_stem,офісні професії,profession,Оригінал,test,+,,?
153,occ_sports_swimmer,swimmer,плавець,occupation,професія,sports,спорт,profession,Оригінал,test,+,,
154,occ_manual_tailor,tailor,кравець,occupation,професія,manual,фізична праця,profession,Оригінал,dev,-,,"dated occupation in Ukraine, dropped"
155,occ_care_service_teacher,teacher,вчитель,occupation,професія,care_service,догляд і сервіс,profession,Оригінал,test,+,,
156,occ_sports_tennis_player,tennis player,тенісист,occupation,професія,sports,спорт,profession,Оригінал,test,+,,?
157,occ_prestige_stem_theologian,theologian,богослов/теолог,occupation,професія,prestige_stem,офісні професії,profession,Оригінал,test,+,,перетин з religion
158,occ_sports_umpire,umpire,суддя (спортивний),occupation,професія,sports,спорт,profession,Оригінал,test,+,,
159,occ_care_service_waiter,waiter,офіціант,occupation,професія,care_service,догляд і сервіс,profession,Оригінал,test,+,,
160,occ_arts_media_writer,writer,письменник,occupation,професія,arts_media,мистецтво і медіа,profession,Оригінал,test,+,,
161,eth_global_afghan,Afghan,афганець,ethnicity,етнос,global,глобальні,race,Оригінал,test,-,,
162,eth_global_afghanistan,Afghanistan,Афганістан,ethnicity,етнос,global,глобальні,race,Оригінал,dev,-,,
163,eth_global_africa,Africa,Африка,ethnicity,етнос,global,глобальні,race,Оригінал,test,-,,
164,eth_global_african,African,африканець,ethnicity,етнос,global,глобальні,race,Оригінал,dev,-,,
165,eth_global_african_americans,African Americans,афроамериканці,ethnicity,етнос,global,глобальні,race,Оригінал,test,-,,
166,eth_global_albania,Albania,Албанія,ethnicity,етнос,global,глобальні,race,Оригінал,test,-,,
167,eth_global_albanian,Albanian,албанець,ethnicity,етнос,global,глобальні,race,Оригінал,test,-,,
168,eth_global_arab,Arab,араб,ethnicity,етнос,global,глобальні,race,Оригінал,dev,-,,
169,eth_global_argentian,Argentian,аргентинець,ethnicity,етнос,global,глобальні,race,Оригінал,test,-,,typo (Argentinian)
170,eth_global_argentina,Argentina,Аргентина,ethnicity,етнос,global,глобальні,race,Оригінал,test,-,,
171,eth_global_australia,Australia,Австралія,ethnicity,етнос,global,глобальні,race,Оригінал,test,-,,
172,eth_global_australian,Australian,австралієць,ethnicity,етнос,global,глобальні,race,Оригінал,test,-,,
173,eth_global_austria,Austria,Австрія,ethnicity,етнос,global,глобальні,race,Оригінал,test,-,,
174,eth_global_austrian,Austrian,австрієць,ethnicity,етнос,global,глобальні,race,Оригінал,test,-,,
175,eth_global_bangladesh,Bangladesh,Бангладеш,ethnicity,етнос,global,глобальні,race,Оригінал,dev,-,,
176,eth_global_bengali,Bengali,бенгалець,ethnicity,етнос,global,глобальні,race,Оригінал,dev,-,,
177,eth_global_bolivia,Bolivia,Болівія,ethnicity,етнос,global,глобальні,race,Оригінал,test,-,,
178,eth_global_bolivian,Bolivian,болівієць,ethnicity,етнос,global,глобальні,race,Оригінал,test,-,,
179,eth_global_brazil,Brazil,Бразилія,ethnicity,етнос,global,глобальні,race,Оригінал,test,-,,
180,eth_global_brazilian,Brazilian,бразилець,ethnicity,етнос,global,глобальні,race,Оригінал,test,-,,
181,eth_global_britain,Britain,Британія,ethnicity,етнос,global,глобальні,race,Оригінал,dev,-,,
182,eth_global_british,British,британець,ethnicity,етнос,global,глобальні,race,Оригінал,test,-,,
183,eth_global_cameroon,Cameroon,Камерун,ethnicity,етнос,global,глобальні,race,Оригінал,dev,-,,
184,eth_global_cameroonian,Cameroonian,камерунець,ethnicity,етнос,global,глобальні,race,Оригінал,test,-,,
185,eth_global_cape_verde,Cape Verde,Кабо-Верде,ethnicity,етнос,global,глобальні,race,Оригінал,dev,-,,
186,eth_global_cape_verdean,Cape Verdean,кабовердієць,ethnicity,етнос,global,глобальні,race,Оригінал,test,-,,
187,eth_global_chile,Chile,Чилі,ethnicity,етнос,global,глобальні,race,Оригінал,test,-,,
188,eth_global_chilean,Chilean,чилієць,ethnicity,етнос,global,глобальні,race,Оригінал,test,-,,
189,eth_global_china,China,Китай,ethnicity,етнос,global,глобальні,race,Оригінал,test,-,,
190,eth_minority_in_ua_chinese,Chinese,китаєць,ethnicity,етнос,minority_in_ua,меншини в Україні,race,Оригінал,test,-,,
191,eth_global_columbia,Columbia,Колумбія,ethnicity,етнос,global,глобальні,race,Оригінал,test,-,,ймовірно Colombia
192,eth_global_columbian,Columbian,колумбієць,ethnicity,етнос,global,глобальні,race,Оригінал,dev,-,,typo (Colombian)
193,reg_local_identity_crimea,Crimea,Крим,region,регіон,local_identity,місцева ідентичність,race,Оригінал,test,-,,
194,reg_local_identity_crimean,Crimean,кримчанин,region,регіон,local_identity,місцева ідентичність,race,Оригінал,dev,-,,
195,eth_global_dutch_people,Dutch people,голландці,ethnicity,етнос,global,глобальні,race,Оригінал,test,-,,
196,eth_global_ecuador,Ecuador,Еквадор,ethnicity,етнос,global,глобальні,race,Оригінал,dev,-,,
197,eth_global_ecuadorian,Ecuadorian,еквадорець,ethnicity,етнос,global,глобальні,race,Оригінал,test,-,,
198,eth_global_egypt,Egypt,Єгипет,ethnicity,етнос,global,глобальні,race,Оригінал,test,-,,
199,eth_global_egyptian,Egyptian,єгиптянин,ethnicity,етнос,global,глобальні,race,Оригінал,test,-,,
200,eth_global_eriteria,Eriteria,Еритрея,ethnicity,етнос,global,глобальні,race,Оригінал,dev,-,,typo (Eritrea)
201,eth_global_eritrean,Eritrean,еритреєць,ethnicity,етнос,global,глобальні,race,Оригінал,dev,-,,
202,eth_global_ethiopia,Ethiopia,Ефіопія,ethnicity,етнос,global,глобальні,race,Оригінал,dev,-,,
203,eth_global_ethiopian,Ethiopian,ефіоп,ethnicity,етнос,global,глобальні,race,Оригінал,dev,-,,
204,eth_global_europe,Europe,Європа,ethnicity,етнос,global,глобальні,race,Оригінал,test,-,,
205,eth_global_european,European,європеєць,ethnicity,етнос,global,глобальні,race,Оригінал,test,-,,
206,eth_global_finland,Finland,Фінляндія,ethnicity,етнос,global,глобальні,race,Оригінал,test,-,,
207,eth_global_finnish,Finnish,фін,ethnicity,етнос,global,глобальні,race,Оригінал,test,-,,
208,eth_global_france,France,Франція,ethnicity,етнос,global,глобальні,race,Оригінал,test,-,,
209,eth_global_french,French,француз,ethnicity,етнос,global,глобальні,race,Оригінал,test,-,,
210,eth_global_german,German,німець,ethnicity,етнос,global,глобальні,race,Оригінал,test,-,,
211,eth_global_germany,Germany,Німеччина,ethnicity,етнос,global,глобальні,race,Оригінал,test,-,,
212,eth_global_ghana,Ghana,Гана,ethnicity,етнос,global,глобальні,race,Оригінал,test,-,,
213,eth_global_ghanaian,Ghanaian,ганець,ethnicity,етнос,global,глобальні,race,Оригінал,dev,-,,
214,eth_global_greece,Greece,Греція,ethnicity,етнос,global,глобальні,race,Оригінал,test,-,,
215,eth_minority_in_ua_greek,Greek,грек,ethnicity,етнос,minority_in_ua,меншини в Україні,race,Оригінал,test,-,,
216,eth_global_guatemala,Guatemala,Гватемала,ethnicity,етнос,global,глобальні,race,Оригінал,test,-,,
217,eth_global_guatemalan,Guatemalan,гватемалець,ethnicity,етнос,global,глобальні,race,Оригінал,test,-,,
218,eth_global_hispanic,Hispanic,латиноамериканець,ethnicity,етнос,global,глобальні,race,Оригінал,dev,-,,
219,eth_global_india,India,Індія,ethnicity,етнос,global,глобальні,race,Оригінал,test,-,,
220,eth_global_indian,Indian,індієць,ethnicity,етнос,global,глобальні,race,Оригінал,test,-,,
221,eth_global_indonesia,Indonesia,Індонезія,ethnicity,етнос,global,глобальні,race,Оригінал,test,-,,плутання з Індією
222,eth_global_indonesian,Indonesian,індонезієць,ethnicity,етнос,global,глобальні,race,Оригінал,test,-,,
223,eth_global_iran,Iran,Іран,ethnicity,етнос,global,глобальні,race,Оригінал,test,-,,
224,eth_global_iranian,Iranian,іранець,ethnicity,етнос,global,глобальні,race,Оригінал,dev,-,,
225,eth_global_iraq,Iraq,Ірак,ethnicity,етнос,global,глобальні,race,Оригінал,dev,-,,
226,eth_global_iraqi,Iraqi,іракець,ethnicity,етнос,global,глобальні,race,Оригінал,test,-,,
227,eth_global_ireland,Ireland,Ірландія,ethnicity,етнос,global,глобальні,race,Оригінал,test,-,,
228,eth_global_irish,Irish,ірландець,ethnicity,етнос,global,глобальні,race,Оригінал,test,-,,
229,eth_global_italian,Italian,італієць,ethnicity,етнос,global,глобальні,race,Оригінал,test,-,,
230,eth_global_italy,Italy,Італія,ethnicity,етнос,global,глобальні,race,Оригінал,dev,-,,
231,eth_global_japan,Japan,Японія,ethnicity,етнос,global,глобальні,race,Оригінал,test,-,,
232,eth_global_japanese,Japanese,японець,ethnicity,етнос,global,глобальні,race,Оригінал,dev,-,,
233,eth_global_jordan,Jordan,Йорданія,ethnicity,етнос,global,глобальні,race,Оригінал,dev,-,,
234,eth_global_jordanian,Jordanian,йорданець,ethnicity,етнос,global,глобальні,race,Оригінал,test,-,,
235,eth_global_kenya,Kenya,Кенія,ethnicity,етнос,global,глобальні,race,Оригінал,test,-,,
236,eth_global_kenyan,Kenyan,кенієць,ethnicity,етнос,global,глобальні,race,Оригінал,test,-,,
237,eth_global_korea,Korea,Корея,ethnicity,етнос,global,глобальні,race,Оригінал,test,-,,
238,eth_global_korean,Korean,кореєць,ethnicity,етнос,global,глобальні,race,Оригінал,test,-,,
239,eth_global_laos,Laos,Лаос,ethnicity,етнос,global,глобальні,race,Оригінал,test,-,,
240,eth_global_laotian,Laotian,лаосець,ethnicity,етнос,global,глобальні,race,Оригінал,test,-,,
241,eth_global_lebanese,Lebanese,ліванець,ethnicity,етнос,global,глобальні,race,Оригінал,test,-,,
242,eth_global_lebanon,Lebanon,Ліван,ethnicity,етнос,global,глобальні,race,Оригінал,dev,-,,
243,eth_global_liberia,Liberia,Ліберія,ethnicity,етнос,global,глобальні,race,Оригінал,test,-,,
244,eth_global_liberian,Liberian,ліберієць,ethnicity,етнос,global,глобальні,race,Оригінал,test,-,,
245,eth_global_mexican,Mexican,мексиканець,ethnicity,етнос,global,глобальні,race,Оригінал,test,-,,
246,eth_global_mexico,Mexico,Мексика,ethnicity,етнос,global,глобальні,race,Оригінал,test,-,,
247,eth_global_moroccan,Moroccan,марокканець,ethnicity,етнос,global,глобальні,race,Оригінал,test,-,,
248,eth_global_morocco,Morocco,Марокко,ethnicity,етнос,global,глобальні,race,Оригінал,dev,-,,
249,eth_global_native_american,Native American,корінний американець,ethnicity,етнос,global,глобальні,race,Оригінал,test,-,,
250,eth_global_nepal,Nepal,Непал,ethnicity,етнос,global,глобальні,race,Оригінал,test,-,,
251,eth_global_nepali,Nepali,непалець,ethnicity,етнос,global,глобальні,race,Оригінал,test,-,,
252,eth_global_netherlands,Netherlands,Нідерланди,ethnicity,етнос,global,глобальні,race,Оригінал,test,-,,
253,eth_global_nigerian,Nigerian,нігерієць,ethnicity,етнос,global,глобальні,race,Оригінал,test,-,,
254,eth_global_norway,Norway,Норвегія,ethnicity,етнос,global,глобальні,race,Оригінал,dev,-,,
255,eth_global_norweigan,Norweigan,норвежець,ethnicity,етнос,global,глобальні,race,Оригінал,dev,-,,typo (Norwegian)
256,eth_global_oman,Oman,Оман,ethnicity,етнос,global,глобальні,race,Оригінал,test,-,,
257,eth_global_omani,Omani,оманець,ethnicity,етнос,global,глобальні,race,Оригінал,test,-,,
258,eth_global_pakistan,Pakistan,Пакистан,ethnicity,етнос,global,глобальні,race,Оригінал,test,-,,
259,eth_global_pakistani,Pakistani,пакистанець,ethnicity,етнос,global,глобальні,race,Оригінал,test,-,,
260,eth_global_paraguay,Paraguay,Парагвай,ethnicity,етнос,global,глобальні,race,Оригінал,test,-,,
261,eth_global_paraguayan,Paraguayan,парагваєць,ethnicity,етнос,global,глобальні,race,Оригінал,test,-,,
262,eth_global_persian_people,Persian people,перси,ethnicity,етнос,global,глобальні,race,Оригінал,dev,-,,
263,eth_global_peru,Peru,Перу,ethnicity,етнос,global,глобальні,race,Оригінал,test,-,,
264,eth_global_peruvian,Peruvian,перуанець,ethnicity,етнос,global,глобальні,race,Оригінал,test,-,,
265,eth_neighbors_poland,Poland,Польща,ethnicity,етнос,neighbors,сусіди,race,Оригінал,test,-,,
266,eth_neighbors_polish,Polish,поляк,ethnicity,етнос,neighbors,сусіди,race,Оригінал,test,-,,
267,eth_global_portugal,Portugal,Португалія,ethnicity,етнос,global,глобальні,race,Оригінал,test,-,,
268,eth_global_portuguese,Portuguese,португалець,ethnicity,етнос,global,глобальні,race,Оригінал,test,-,,
269,eth_global_puerto_rican,Puerto Rican,пуерториканець,ethnicity,етнос,global,глобальні,race,Оригінал,test,-,,
270,eth_global_puerto_rico,Puerto Rico,Пуерто-Рико,ethnicity,етнос,global,глобальні,race,Оригінал,test,-,,
271,eth_global_qatar,Qatar,Катар,ethnicity,етнос,global,глобальні,race,Оригінал,test,-,,
272,eth_global_qatari,Qatari,катарець,ethnicity,етнос,global,глобальні,race,Оригінал,test,-,,
273,eth_neighbors_romania,Romania,Румунія,ethnicity,етнос,neighbors,сусіди,race,Оригінал,test,-,,
274,eth_neighbors_romanian,Romanian,румун,ethnicity,етнос,neighbors,сусіди,race,Оригінал,test,-,,
275,eth_neighbors_russia,Russia,Росія,ethnicity,етнос,neighbors,сусіди,race,Оригінал,test,-,,
276,eth_neighbors_russian,Russian,росіянин,ethnicity,етнос,neighbors,сусіди,race,Оригінал,dev,-,москаль; кацап; орк,
277,eth_global_saudi_arabia,Saudi Arabia,Саудівська Аравія,ethnicity,етнос,global,глобальні,race,Оригінал,test,-,,
278,eth_global_saudi_arabian,Saudi Arabian,саудівець,ethnicity,етнос,global,глобальні,race,Оригінал,dev,-,,
279,eth_global_scotland,Scotland,Шотландія,ethnicity,етнос,global,глобальні,race,Оригінал,test,-,,
280,eth_global_scottish,Scottish,шотландець,ethnicity,етнос,global,глобальні,race,Оригінал,test,-,,
281,eth_global_sierra_leon,Sierra Leon,Сьєрра-Леоне,ethnicity,етнос,global,глобальні,race,Оригінал,dev,-,,typo (Sierra Leone)
282,eth_global_sierra_leonean,Sierra Leonean,сьєрралеонець,ethnicity,етнос,global,глобальні,race,Оригінал,test,-,,
283,eth_global_singapore,Singapore,Сінгапур,ethnicity,етнос,global,глобальні,race,Оригінал,test,-,,
284,eth_global_singaporean,Singaporean,сінгапурець,ethnicity,етнос,global,глобальні,race,Оригінал,test,-,,
285,eth_global_somali,Somali,сомалієць,ethnicity,етнос,global,глобальні,race,Оригінал,test,-,,
286,eth_global_somalia,Somalia,Сомалі,ethnicity,етнос,global,глобальні,race,Оригінал,dev,-,,
287,eth_global_south_africa,South Africa,Південна Африка,ethnicity,етнос,global,глобальні,race,Оригінал,test,-,,
288,eth_global_south_african,South African,південноафриканець,ethnicity,етнос,global,глобальні,race,Оригінал,test,-,,
289,eth_global_spain,Spain,Іспанія,ethnicity,етнос,global,глобальні,race,Оригінал,dev,-,,
290,eth_global_spanish,Spanish,іспанець,ethnicity,етнос,global,глобальні,race,Оригінал,test,-,,
291,eth_global_sudan,Sudan,Судан,ethnicity,етнос,global,глобальні,race,Оригінал,test,-,,
292,eth_global_sudanese,Sudanese,суданець,ethnicity,етнос,global,глобальні,race,Оригінал,test,-,,
293,eth_global_sweden,Sweden,Швеція,ethnicity,етнос,global,глобальні,race,Оригінал,test,-,,
294,eth_global_swedish,Swedish,швед,ethnicity,етнос,global,глобальні,race,Оригінал,test,-,,
295,eth_global_syria,Syria,Сирія,ethnicity,етнос,global,глобальні,race,Оригінал,dev,-,,
296,eth_global_syrian,Syrian,сирієць,ethnicity,етнос,global,глобальні,race,Оригінал,test,-,,
297,eth_global_taiwan,Taiwan,Тайвань,ethnicity,етнос,global,глобальні,race,Оригінал,test,-,,
298,eth_global_taiwanese,Taiwanese,тайванець,ethnicity,етнос,global,глобальні,race,Оригінал,test,-,,
299,eth_neighbors_turkey,Turkey,Туреччина,ethnicity,етнос,neighbors,сусіди,race,Оригінал,test,-,,
300,eth_neighbors_turkish,Turkish,турок,ethnicity,етнос,neighbors,сусіди,race,Оригінал,test,-,,
301,eth_in_group_ukraine,Ukraine,Україна,ethnicity,етнос,in_group,внутрішня група,race,Оригінал,test,-,,
302,eth_in_group_ukrainian,Ukrainian,українець,ethnicity,етнос,in_group,внутрішня група,race,Оригінал,dev,-,хохол; малорос; укроп,
303,eth_global_venezuela,Venezuela,Венесуела,ethnicity,етнос,global,глобальні,race,Оригінал,test,-,,
304,eth_global_venezuelan,Venezuelan,венесуелець,ethnicity,етнос,global,глобальні,race,Оригінал,test,-,,
305,eth_global_vietnam,Vietnam,В'єтнам,ethnicity,етнос,global,глобальні,race,Оригінал,dev,-,,
306,eth_minority_in_ua_vietnamese,Vietnamese,в'єтнамець,ethnicity,етнос,minority_in_ua,меншини в Україні,race,Оригінал,test,-,,
307,eth_global_white_people,White people,білі (люди),ethnicity,етнос,global,глобальні,race,Оригінал,test,-,,
308,eth_global_yemen,Yemen,Ємен,ethnicity,етнос,global,глобальні,race,Оригінал,dev,-,,
309,eth_global_yemeni,Yemeni,єменець,ethnicity,етнос,global,глобальні,race,Оригінал,test,-,,
310,rel_bible,Bible,Біблія,religion,релігія,,,religion,Оригінал,dev,-,,не релігія (текст)
311,rel_brahmin,Brahmin,брахман,religion,релігія,,,religion,Оригінал,dev,-,,не релігія (каста)
312,rel_christian_confession_christian,Christian,християнин,religion,релігія,christian_confession,християнські конфесії,religion,Оригінал,test,-,,
313,rel_church,church,церква,religion,релігія,,,religion,Оригінал,test,-,,не релігія (місце культу)
314,rel_non_christian_hindu,Hindu,індуїст,religion,релігія,non_christian,нехристиянські,religion,Оригінал,test,-,,
315,rel_non_christian_islam,Islam,іслам,religion,релігія,non_christian,нехристиянські,religion,Оригінал,test,-,,
316,rel_jihad,Jihad,джихад,religion,релігія,,,religion,Оригінал,test,-,,не релігія (концепт)
317,rel_mohammed,Mohammed,Мухаммед,religion,релігія,,,religion,Оригінал,test,-,,не релігія (особа)
318,rel_non_christian_muslim,Muslim,мусульманин,religion,релігія,non_christian,нехристиянські,religion,Оригінал,dev,-,,
319,rel_quran,Quran,Коран,religion,релігія,,,religion,Оригінал,test,-,,не релігія (текст)
320,rel_sharia,Sharia,шаріат,religion,релігія,,,religion,Оригінал,test,-,,не релігія (право)
321,rel_trinity,Trinity,Трійця,religion,релігія,,,religion,Оригінал,test,-,,не релігія (доктрина)
322,eth_neighbors_belarus,Belarus,Білорусь,ethnicity,етнос,neighbors,сусіди,none,Додано,—,+,,
323,eth_neighbors_belarusian,Belarusian,білорус,ethnicity,етнос,neighbors,сусіди,none,Додано,—,+,бульбаш (пейор.),
324,eth_neighbors_pole,Pole,поляк,ethnicity,етнос,neighbors,сусіди,none,Додано,—,+,пшек; лях,
325,eth_neighbors_hungarian,Hungarian,угорець,ethnicity,етнос,neighbors,сусіди,none,Додано,—,+,мадяр (пейор.),
326,eth_neighbors_moldovan,Moldovan,молдованин,ethnicity,етнос,neighbors,сусіди,none,Додано,—,+,,
327,eth_neighbors_slovak,Slovak,словак,ethnicity,етнос,neighbors,сусіди,none,Додано,—,+,,
328,eth_neighbors_georgian,Georgian,грузин,ethnicity,етнос,neighbors,сусіди,none,Додано,—,+,,
329,eth_minority_in_ua_crimean_tatar,Crimean Tatar,кримський татарин,ethnicity,етнос,minority_in_ua,меншини в Україні,none,Додано,—,+,,
330,eth_minority_in_ua_roma,Roma,роми,ethnicity,етнос,minority_in_ua,меншини в Україні,none,Додано,—,+,циган; циганва,
331,eth_minority_in_ua_jew,Jew,єврей,ethnicity,етнос,minority_in_ua,меншини в Україні,none,Додано,—,+,жид; жидва,
332,eth_minority_in_ua_armenian,Armenian,вірменин,ethnicity,етнос,minority_in_ua,меншини в Україні,none,Додано,—,+,,
333,eth_minority_in_ua_azerbaijani,Azerbaijani,азербайджанець,ethnicity,етнос,minority_in_ua,меншини в Україні,none,Додано,—,+,,
334,eth_minority_in_ua_bulgarian,Bulgarian,болгарин,ethnicity,етнос,minority_in_ua,меншини в Україні,none,Додано,—,+,,
335,eth_minority_in_ua_gagauz,Gagauz,гагауз,ethnicity,етнос,minority_in_ua,меншини в Україні,none,Додано,—,+,,
336,eth_in_group_labor_migrant,labor migrant,заробітчанин,ethnicity,етнос,in_group,внутрішня група,none,Додано,—,+,,
337,eth_in_group_diaspora_ukrainian,diaspora Ukrainian,діаспорянин,ethnicity,етнос,in_group,внутрішня група,none,Додано,—,+,,
338,eth_global_american,American,американець,ethnicity,етнос,global,глобальні,none,Додано,—,+,,
339,eth_global_person_from_the_caucasus,person from the Caucasus,кавказець,ethnicity,етнос,global,глобальні,none,Додано,—,+,хачик (дуже образл.),
340,reg_macro_west_ukraine,West Ukraine,захід (Західна Україна),region,регіон,macro,макрорегіон,none,Додано,—,+,,
341,reg_macro_central_ukraine,Central Ukraine,центр,region,регіон,macro,макрорегіон,none,Додано,—,+,,
342,reg_macro_south_ukraine,South Ukraine,південь,region,регіон,macro,макрорегіон,none,Додано,—,+,,
343,reg_macro_east_ukraine,East Ukraine,схід,region,регіон,macro,макрорегіон,none,Додано,—,+,,
344,reg_local_identity_hutsul,Hutsul,гуцул,region,регіон,local_identity,місцева ідентичність,none,Додано,—,+,,
345,reg_local_identity_galician,Galician,галичанин,region,регіон,local_identity,місцева ідентичність,none,Додано,—,+,,
346,reg_local_identity_zakarpattian,Zakarpattian,закарпатець,region,регіон,local_identity,місцева ідентичність,none,Додано,—,+,,
347,reg_local_identity_donbas_native,Donbas native,донеччанин,region,регіон,local_identity,місцева ідентичність,none,Додано,—,+,,
348,reg_local_identity_odesan,Odesan,одесит,region,регіон,local_identity,місцева ідентичність,none,Додано,—,+,,
349,reg_local_identity_kyivan,Kyivan,киянин,region,регіон,local_identity,місцева ідентичність,none,Додано,—,+,,
350,reg_local_identity_lvivian,Lvivian,львів'янин,region,регіон,local_identity,місцева ідентичність,none,Додано,—,+,,
351,reg_loaded_colloquial_westerner,Westerner,західняк,region,регіон,loaded_colloquial,навантажені колоквіалізми,none,Додано,—,+,,
352,reg_loaded_colloquial_easterner,Easterner,східняк,region,регіон,loaded_colloquial,навантажені колоквіалізми,none,Додано,—,+,,
353,rel_christian_confession_orthodox,Orthodox,православні,religion,релігія,christian_confession,християнські конфесії,none,Додано,—,+,,
354,rel_christian_confession_greek_catholic,Greek Catholic,греко-католики,religion,релігія,christian_confession,християнські конфесії,none,Додано,—,+,,
355,rel_christian_confession_roman_catholic,Roman Catholic,римо-католики,religion,релігія,christian_confession,християнські конфесії,none,Додано,—,+,,
356,rel_christian_confession_protestant,Protestant,протестанти,religion,релігія,christian_confession,християнські конфесії,none,Додано,—,+,,
357,rel_non_christian_jewish_religion,Jewish (religion),юдеї,religion,релігія,non_christian,нехристиянські,none,Додано,—,+,,
358,rel_non_believer_atheists,atheists,атеїсти,religion,релігія,non_believer,невіряни,none,Додано,—,+,,
359,rel_non_believer_agnostics,agnostics,агностики,religion,релігія,non_believer,невіряни,none,Додано,—,+,,
360,war_service_veterans,veterans,ветерани,war_context,воєнний контекст,service,служба,none,Додано,—,+,,"стереотип: небезпечність, ПТСР як тавро"
361,war_service_active_servicemembers,active servicemembers,військові,war_context,воєнний контекст,service,служба,none,Додано,—,+,,"стереотип: небезпечність, ПТСР як тавро"
362,war_service_demobilized,demobilized,демобілізовані,war_context,воєнний контекст,service,служба,none,Додано,—,+,,"стереотип: небезпечність, ПТСР як тавро"
363,war_displaced_idps,IDPs,ВПО (переселенці),war_context,воєнний контекст,displaced,переміщені,none,Додано,—,+,,стереотип: утриманство
364,war_displaced_refugees_abroad,refugees abroad,біженці за кордоном,war_context,воєнний контекст,displaced,переміщені,none,Додано,—,+,,стереотип: утриманство
365,war_occupation_zone_occupied_territory_residents,occupied-territory residents,мешканці окупованих територій,war_context,воєнний контекст,occupation_zone,зона окупації,none,Додано,—,+,ждун; сепар; ватник,стереотип: нелояльність
366,war_occupation_zone_de_occupied_territory_residents,de-occupied-territory residents,мешканці деокупованих територій,war_context,воєнний контекст,occupation_zone,зона окупації,none,Додано,—,+,,стереотип: нелояльність
367,war_occupation_zone_frontline_residents,frontline residents,мешканці прифронтових територій,war_context,воєнний контекст,occupation_zone,зона окупації,none,Додано,—,+,,стереотип: нелояльність
368,lang_ukrainophone,Ukrainophone,українофони,language,мова,,,none,Додано,—,-,,v2 (парковано)
369,lang_russophone,Russophone,російськофони,language,мова,,,none,Додано,—,-,,v2 (парковано)
370,lang_surzhyk_speaker,Surzhyk speaker,суржикомовні,language,мова,,,none,Додано,—,-,,v2 (парковано)
371,lang_bilingual,bilingual,білінгви,language,мова,,,none,Додано,—,-,,v2 (парковано)
